{
	"credit": "By UnlikePaladin",
	"textures": {
		"1": "entity/bed/red",
		"particle": "block/oak_planks"
	},
	"elements": [
		{
			"from": [0, 5, 0],
			"to": [16, 9, 13],
			"rotation": {"angle": 0, "axis": "y", "origin": [8, 8, 8]},
			"faces": {
				"east": {"uv": [5.5, 7, 6.5, 11], "rotation": 90, "texture": "#1"},
				"south": {"uv": [5.5, 7, 9.5, 6], "texture": "#1"},
				"west": {"uv": [0.5, 7, 1.5, 11], "rotation": 270, "texture": "#1"},
				"up": {"uv": [1.5, 7, 5.5, 11], "rotation": 0, "texture": "#1"}
			}
		}
	],
	"display": {
		"thirdperson_righthand": {
			"rotation": [59, 45, 0],
			"translation": [-0.5, 0.25, -1.5],
			"scale": [0.32, 0.32, 0.32]
		},
		"thirdperson_lefthand": {
			"rotation": [59, -145, 0],
			"translation": [-0.5, 0.25, -1.5],
			"scale": [0.32, 0.32, 0.32]
		},
		"firstperson_righthand": {
			"rotation": [-1, 45, 0],
			"translation": [1, 0.75, 0],
			"scale": [0.32, 0.32, 0.32]
		},
		"firstperson_lefthand": {
			"rotation": [-1, -145, 0],
			"translation": [1, 0.75, 0],
			"scale": [0.32, 0.32, 0.32]
		},
		"ground": {
			"translation": [-2.75, -1, 0],
			"scale": [0.3, 0.3, 0.3]
		},
		"gui": {
			"rotation": [30, 135, 0],
			"translation": [2.5, -0.5, 0],
			"scale": [0.44, 0.44, 0.44]
		},
		"head": {
			"translation": [-6.5, 6.25, 0]
		},
		"fixed": {
			"translation": [-4.75, -0.5, -0.75],
			"scale": [0.6, 0.6, 0.6]
		}
	},
	"groups": [
		{
			"name": "group",
			"origin": [0, 0, 0],
			"color": 0,
			"children": [0]
		}
	]
}