{
    "vertices": {
        "positions": {
            "stride": 3,
            "count": 16,
            "array": [-0.264336, -0.264336, 1.936029, -0.264336, -0.264336, 2.451015, -0.264336, 0.264336, 1.936029, -0.264336, 0.264336, 2.451015, 0.264336, -0.264336, 1.936029, 0.264336, -0.264336, 2.451015, 0.264336, 0.264336, 1.936029, 0.264336, 0.264336, 2.451015, 0.360394, 0.360394, 1.81359, 0.360394, -0.360394, 1.81359, -0.360394, -0.360394, 1.81359, -0.360394, 0.360394, 1.81359, 0.360394, 0.360394, 1.931721, 0.360394, -0.360395, 1.931721, -0.360394, -0.360394, 1.931721, -0.360394, 0.360394, 1.931721]
        },
        "uvs": {
            "stride": 2,
            "count": 46,
            "array": [0.812517, 0.249919, 0.875225, 0.124624, 0.875215, 0.250081, 0.812569, 0.124847, 0.874988, 0.250021, 0.812512, 0.249979, 0.812569, 0.124646, 0.749973, 0.249952, 0.812569, 0.250048, 0.999973, 0.124908, 0.937527, 0.250183, 0.999973, 0.25, 0.766481, 0.37485, 0.806956, 0.2939, 0.806956, 0.37485, 0.812677, 0.000225, 0.875053, 0.124893, 0.875072, -1.2e-05, 0.829313, 0.420803, 0.914162, 0.251321, 0.829312, 0.251272, 0.742188, 0.421875, 0.828125, 0.250041, 0.742188, 0.250041, 0.65625, 0.453125, 0.742178, 0.453125, 1.00009, 0.421847, 0.914098, 0.453108, 1.00009, 0.453097, 0.914058, 0.42187, 0.828147, 0.453219, 0.914021, 0.453031, 0.742258, 0.453244, 0.828335, 0.421545, 0.742257, 0.421783, 0.812527, 0.124462, 0.875045, 0.124888, 0.749973, 0.12455, 0.937527, 0.125092, 0.766481, 0.2939, 0.812658, 0.125129, 0.914162, 0.420852, 0.828125, 0.421875, 0.65625, 0.421875, 0.828184, 0.422058, 0.828336, 0.453006]
        },
        "normals": {
            "stride": 3,
            "count": 6,
            "array": [-1.0, 0.0, 0.0, 0.0, 1.0, 0.0, 1.0, 0.0, 0.0, 0.0, -1.0, -0.0, 0.0, 0.0, -1.0, 0.0, 0.0, 1.0]
        },
        "indices": {
            "stride": 3,
            "count": 72,
            "array": [0, 0, 0, 3, 1, 0, 2, 2, 0, 3, 3, 1, 6, 4, 1, 2, 5, 1, 7, 6, 2, 4, 7, 2, 6, 8, 2, 5, 9, 3, 0, 10, 3, 4, 11, 3, 6, 12, 4, 0, 13, 4, 2, 14, 4, 3, 15, 5, 5, 16, 5, 7, 17, 5, 9, 18, 4, 11, 19, 4, 8, 20, 4, 12, 21, 5, 14, 22, 5, 13, 23, 5, 12, 21, 2, 9, 24, 2, 8, 25, 2, 13, 26, 3, 10, 27, 3, 9, 28, 3, 14, 29, 0, 11, 30, 0, 10, 31, 0, 8, 32, 1, 15, 33, 1, 12, 34, 1, 0, 0, 0, 1, 35, 0, 3, 1, 0, 3, 3, 1, 7, 36, 1, 6, 4, 1, 7, 6, 2, 5, 37, 2, 4, 7, 2, 5, 9, 3, 1, 38, 3, 0, 10, 3, 6, 12, 4, 4, 39, 4, 0, 13, 4, 3, 15, 5, 1, 40, 5, 5, 16, 5, 9, 18, 4, 10, 41, 4, 11, 19, 4, 12, 21, 5, 15, 42, 5, 14, 22, 5, 12, 21, 2, 13, 43, 2, 9, 24, 2, 13, 26, 3, 14, 29, 3, 10, 27, 3, 14, 29, 0, 15, 44, 0, 11, 30, 0, 8, 32, 1, 11, 45, 1, 15, 33, 1]
        },
        "vcounts": {
            "stride": 1,
            "count": 16,
            "array": [1, 1, 1, 1, 1, 1, 1, 1, 1, 1, 1, 1, 1, 1, 1, 1]
        },
        "weights": {
            "stride": 1,
            "count": 1,
            "array": [1.0]
        },
        "vindices": {
            "stride": 1,
            "count": 32,
            "array": [9, 0, 9, 0, 9, 0, 9, 0, 9, 0, 9, 0, 9, 0, 9, 0, 9, 0, 9, 0, 9, 0, 9, 0, 9, 0, 9, 0, 9, 0, 9, 0]
        }
    },
    "armature": {
        "joints": ["Root", "Thigh_R", "Leg_R", "Knee_R", "Thigh_L", "Leg_L", "Knee_L", "Torso", "Chest", "Head", "Shoulder_R", "Arm_R", "Hand_R", "Tool_R", "Elbow_R", "Shoulder_L", "Arm_L", "Hand_L", "Tool_L", "Elbow_L"],
        "hierarchy": [
            {
                "name": "Root",
                "transform": [1.0, 0.0, 0.0, -5e-06, 0.0, 0.0, -1.0, 0.000946, 0.0, 1.0, 0.0, 0.763972, 0.0, 0.0, 0.0, 1.0],
                "children": [
                    {
                        "name": "Thigh_R",
                        "transform": [1.0, -0.0, -0.0, 0.124994, 0.0, -1.0, 1e-06, -0.002831, -0.0, -0.0, -1.0, -1.2e-05, 0.0, 0.0, 0.0, 1.0],
                        "children": [
                            {
                                "name": "Leg_R",
                                "transform": [1.0, 0.0, 1e-06, 0.0, -0.0, 1.0, 0.0, 0.37472, -1e-06, -0.0, 1.0, 0.0, 0.0, 0.0, 0.0, 1.0],
                                "children": []
                            },
                            {
                                "name": "Knee_R",
                                "transform": [1.0, 0.0, -0.0, 0.0, -0.0, 1e-06, -1.0, 0.37472, -0.0, 1.0, 1e-06, 0.0, 0.0, 0.0, 0.0, 1.0],
                                "children": []
                            }
                        ]
                    },
                    {
                        "name": "Thigh_L",
                        "transform": [1.0, -0.0, -0.0, -0.125006, 0.0, -1.0, 1e-06, -0.002831, -0.0, -0.0, -1.0, -1.2e-05, 0.0, 0.0, 0.0, 1.0],
                        "children": [
                            {
                                "name": "Leg_L",
                                "transform": [1.0, 0.0, 1e-06, -0.0, -0.0, 1.0, 0.0, 0.37472, -1e-06, -0.0, 1.0, 0.0, 0.0, 0.0, 0.0, 1.0],
                                "children": []
                            },
                            {
                                "name": "Knee_L",
                                "transform": [1.0, 0.0, -0.0, -0.0, -0.0, 1e-06, -1.0, 0.37472, -0.0, 1.0, 1e-06, 0.0, 0.0, 0.0, 0.0, 1.0],
                                "children": []
                            }
                        ]
                    },
                    {
                        "name": "Torso",
                        "transform": [1.0, 0.0, 0.0, 0.0, 0.0, 1.0, 0.0, 0.05, 0.0, 0.0, 1.0, 0.0, 0.0, 0.0, 0.0, 1.0],
                        "children": [
                            {
                                "name": "Chest",
                                "transform": [1.0, 0.0, 0.0, 0.0, 0.0, 1.0, 0.0, 0.3, 0.0, 0.0, 1.0, 0.0, 0.0, 0.0, 0.0, 1.0],
                                "children": [
                                    {
                                        "name": "Head",
                                        "transform": [1.0, 0.0, 0.0, 0.0, 0.0, 1.0, 0.0, 0.4, 0.0, 0.0, 1.0, 0.0, 0.0, 0.0, 0.0, 1.0],
                                        "children": []
                                    },
                                    {
                                        "name": "Shoulder_R",
                                        "transform": [0.0, 0.952114, 0.305743, 0.0, 0.0, -0.305743, 0.952114, 0.4, 1.0, 0.0, -0.0, 0.0, 0.0, 0.0, 0.0, 1.0],
                                        "children": [
                                            {
                                                "name": "Arm_R",
                                                "transform": [0.0, -0.0, -1.0, -0.0, 0.952114, 0.305743, 0.0, 0.39386, 0.305743, -0.952114, 0.0, 0.0, 0.0, 0.0, 0.0, 1.0],
                                                "children": [
                                                    {
                                                        "name": "Hand_R",
                                                        "transform": [1.0, 0.0, 0.0, 0.0, -0.0, 0.993938, 0.109947, 0.3, -0.0, -0.109947, 0.993937, -0.0, 0.0, 0.0, 0.0, 1.0],
                                                        "children": [
                                                            {
                                                                "name": "Tool_R",
                                                                "transform": [1.0, 0.0, 0.0, -0.0, 0.0, -0.999836, 0.018122, 0.272858, 0.0, -0.018122, -0.999244, 0.0, 0.0, 0.0, 0.0, 1.0],
                                                                "children": []
                                                            }
                                                        ]
                                                    },
                                                    {
                                                        "name": "Elbow_R",
                                                        "transform": [-1.0, 0.0, -0.0, 0.0, 0.0, -0.0, -1.0, 0.3, -0.0, -1.0, 0.0, -0.0, 0.0, 0.0, 0.0, 1.0],
                                                        "children": []
                                                    }
                                                ]
                                            }
                                        ]
                                    },
                                    {
                                        "name": "Shoulder_L",
                                        "transform": [-0.0, -0.952114, -0.305743, 0.0, 0.0, -0.305743, 0.952114, 0.4, -1.0, 0.0, 0.0, 0.0, 0.0, 0.0, 0.0, 1.0],
                                        "children": [
                                            {
                                                "name": "Arm_L",
                                                "transform": [-0.0, -0.0, 1.0, -0.0, -0.952114, 0.305743, -0.0, 0.39386, -0.305743, -0.952114, -0.0, 0.0, 0.0, 0.0, 0.0, 1.0],
                                                "children": [
                                                    {
                                                        "name": "Hand_L",
                                                        "transform": [1.0, 0.0, 0.0, -0.0, -0.0, 0.993937, 0.109947, 0.3, -0.0, -0.109947, 0.993937, 0.0, 0.0, 0.0, 0.0, 1.0],
                                                        "children": [
                                                            {
                                                                "name": "Tool_L",
                                                                "transform": [1.0, 0.0, 0.0, -0.0, 0.0, -0.999836, 0.018122, 0.272858, 0.0, -0.018122, -0.999247, -0.0, 0.0, 0.0, 0.0, 1.0],
                                                                "children": []
                                                            }
                                                        ]
                                                    },
                                                    {
                                                        "name": "Elbow_L",
                                                        "transform": [-1.0, 0.0, -0.0, -0.0, 0.0, -0.0, -1.0, 0.3, -0.0, -1.0, -0.0, 0.0, 0.0, 0.0, 0.0, 1.0],
                                                        "children": []
                                                    }
                                                ]
                                            }
                                        ]
                                    }
                                ]
                            }
                        ]
                    }
                ]
            }
        ]
    },
    "animation": []
}